epoch,train_loss,train_r2,train_mae,val_loss,val_r2,val_mae
1,0.00943385527715654,-2.4061928,0.06069771200418472,0.0053164029706653446,-1.2257376,0.0594983734190464
2,0.0019540610040471155,0.34686756,0.03198510408401489,0.0020525473303584416,0.14069128,0.035049449652433395
3,0.001491059514916613,0.4942507,0.028032546862959862,0.0015221832363547182,0.36273068,0.029738774523139
4,0.0014753751922237314,0.51276255,0.027725692838430405,0.0011737376462355577,0.5086091,0.026951102539896965
5,0.0013760979050256535,0.5288249,0.026826957240700722,0.0024468700345060827,-0.024393797,0.04023611545562744
6,0.0011272770823006156,0.6014462,0.02448088675737381,0.0009914308085630344,0.5849328,0.024045826867222786
7,0.0012765719730900196,0.59071636,0.025127476081252098,0.0009941123182753045,0.5838101,0.024386538192629814
8,0.0010110673775672926,0.67087495,0.02170882187783718,0.0018973651810349444,0.20565903,0.03551911190152168
9,0.000897712944963185,0.6920905,0.0213178601115942,0.000967315664468852,0.59502864,0.023875929415225983
10,0.0011893387529114446,0.6100763,0.024729054421186447,0.0015306293761388795,0.3591947,0.03165236487984657
11,0.0011122048872364587,0.65078247,0.02313436195254326,0.00807929284414043,-2.3824344,0.08316978067159653
12,0.0011370757083220074,0.5984323,0.0244792141020298,0.0013038241709803016,0.45414776,0.028716281056404114
13,0.0009395292649836371,0.69409144,0.020396463572978973,0.0011574507025874695,0.51542777,0.0262580718845129
14,0.0008434399362725842,0.71824026,0.020330922678112984,0.0008542617000187073,0.64235926,0.021785631775856018
15,0.0008609656156897037,0.721418,0.020745398476719856,0.0007905655049327839,0.66902596,0.021159840747714043
16,0.0008231934342742158,0.73448586,0.01937616616487503,0.0008682098987442247,0.6365198,0.022061698138713837
17,0.0008965177538445633,0.71614516,0.020084410905838013,0.0014531375966125627,0.39163697,0.02983577363193035
18,0.0007710072673343346,0.7491645,0.01887514442205429,0.0011620588365048533,0.51349854,0.025331303477287292
19,0.0007997967603537124,0.7407396,0.020477628335356712,0.0009135197887643341,0.6175506,0.023485759273171425
20,0.0008391242698629508,0.7194773,0.020673515275120735,0.0007926577462280988,0.66815007,0.021232441067695618
21,0.0007893807134942671,0.744289,0.019774489104747772,0.0009535050512846653,0.6008105,0.023489274084568024
22,0.0007439442850582822,0.76585495,0.019131846725940704,0.0010191048704629925,0.57334685,0.02473369799554348
23,0.0008946056768410547,0.7197708,0.01964128389954567,0.000785007436784415,0.67135286,0.020521124824881554
24,0.0007335067781397192,0.76123416,0.019624732434749603,0.0006872422280260893,0.7122828,0.019234949722886086
25,0.0005953446248196532,0.80966294,0.017190242186188698,0.0008462529506568062,0.64571214,0.022448161616921425
26,0.0006992624468387394,0.75673956,0.019182385876774788,0.0009739318881041181,0.59225875,0.024521075189113617
27,0.000701791031488954,0.7748191,0.01796954683959484,0.000892439514709394,0.6263759,0.022154463455080986
28,0.0007303518054506681,0.7614289,0.0189241711050272,0.0011471597376295098,0.51973605,0.025573525577783585
29,0.0008564111542487001,0.72664297,0.019310854375362396,0.0007273473596173756,0.69549257,0.02014177106320858
30,0.0007469421748993381,0.7601612,0.01909826695919037,0.0011643751261400416,0.5125288,0.02714461460709572
31,0.0008231721959722062,0.72424924,0.019661860540509224,0.0007788600988003807,0.6739265,0.02072852849960327
32,0.0008449075447501382,0.7402675,0.018570484593510628,0.0007868890793981747,0.6705651,0.020858578383922577
33,0.0005609206994785535,0.82817686,0.016115210950374603,0.0007267152035850798,0.6957572,0.019944019615650177
34,0.0006042183546288806,0.8152005,0.016441114246845245,0.0008633741016128726,0.6385443,0.02255067229270935
35,0.0005857393490083551,0.8202313,0.01690303161740303,0.0008510978602461159,0.6436838,0.021923687309026718
36,0.0006037744828323828,0.8145782,0.01635846495628357,0.0009207441538399148,0.61452603,0.022196440026164055
37,0.0009117297007839881,0.70980716,0.02002478390932083,0.0013890729962217734,0.41845798,0.028180882334709167
38,0.0006342890143308638,0.80132514,0.017116528004407883,0.0008723923353517874,0.6347688,0.02178121544420719
39,0.0007118732638058605,0.7787727,0.01915968395769596,0.0007443047020349893,0.68839324,0.02010769583284855
40,0.0008949583206724331,0.7249154,0.02032199688255787,0.0008940688653574728,0.6256938,0.022150764241814613
41,0.0006477969581687938,0.7855891,0.0174713134765625,0.0007436896381999592,0.6886508,0.019673725590109825
42,0.0006527711284065156,0.7847555,0.017194315791130066,0.0011807019004473737,0.5056935,0.026218397542834282
43,0.0007889379393101031,0.7518185,0.019108746200799942,0.0008370167082308566,0.6495789,0.02119443751871586
44,0.0006263623883341652,0.79140043,0.017539095133543015,0.0007573678147684637,0.68292433,0.019760170951485634
45,0.0006292052864149866,0.8005917,0.016691185534000397,0.0010236994313753227,0.57142335,0.02211754210293293
46,0.0006212890746186755,0.813301,0.01693548820912838,0.0007371491673360333,0.69138896,0.020095914602279663
47,0.0005310605476939482,0.8344439,0.015967266634106636,0.001206244404573956,0.495,0.026495078578591347
48,0.000502434206508954,0.84254634,0.015149109065532684,0.0008125677259741377,0.6598146,0.020809218287467957
49,0.0005064232395178545,0.8378072,0.015985021367669106,0.000749717384187179,0.68612725,0.020873473957180977
50,0.0004204928569689629,0.86695325,0.01433732733130455,0.0006938230666730158,0.7095277,0.018948355689644814
51,0.0004597241892646504,0.85844225,0.014940202236175537,0.0015542559250462853,0.3493033,0.03316403180360794
52,0.0005601895817398275,0.81991386,0.016529155895113945,0.0006889177056309614,0.71158135,0.01950608193874359
53,0.000627460358654704,0.7996907,0.01690433919429779,0.0009116845815958102,0.6183189,0.02343318611383438
54,0.0006682198956064626,0.79404134,0.017842551693320274,0.0011843191910519532,0.5041791,0.027085112407803535
55,0.0006872753017236891,0.7955555,0.01707342639565468,0.0009092154457771497,0.61935264,0.020964186638593674
56,0.0005458601331079899,0.8295047,0.015933938324451447,0.0008774513936008801,0.63265073,0.021174225956201553
57,0.0005220243238387925,0.8420998,0.015149010345339775,0.0008388742351188509,0.6488013,0.021959751844406128
58,0.0006152998163116413,0.81622714,0.016435345634818077,0.0006902832387911524,0.7110096,0.019494853913784027
59,0.0005627130707620106,0.83204544,0.01594080589711666,0.0011830248287554655,0.504721,0.027561910450458527
60,0.0005354287335729878,0.8365919,0.014743953943252563,0.0007094367230369406,0.7029909,0.019407913088798523
61,0.00048320503070079586,0.84888816,0.01537212822586298,0.0007973438750467364,0.6661882,0.021561317145824432
62,0.0004895663820731967,0.84418,0.015027676708996296,0.0006578203422762584,0.7246004,0.01860492117702961
63,0.0004665554559851308,0.8710608,0.015116442926228046,0.0006035364936313444,0.7473266,0.018144873902201653
64,0.00043564319909314956,0.8676116,0.014064544811844826,0.0006576624308913183,0.7246665,0.018980402499437332
65,0.0004552722141692986,0.86388105,0.01441666204482317,0.0006584125479506874,0.7243525,0.019366726279258728
66,0.0004824679840407042,0.866287,0.014765537343919277,0.0006609039585562332,0.7233094,0.018647897988557816
67,0.0004349947001698077,0.8706443,0.014183194376528263,0.0010617603457884338,0.55548894,0.02566882222890854
68,0.0004556113398265575,0.8554945,0.01408908236771822,0.0010186050991621129,0.57355607,0.024546172469854355
69,0.0004524049443430254,0.8681042,0.014268985018134117,0.0007803309045687919,0.67331076,0.0215331818908453
70,0.00045671844679934286,0.8622638,0.013974055647850037,0.0014955395230151775,0.37388515,0.03179477900266647
71,0.00042589204709667496,0.87286687,0.014280866831541061,0.0006486747196527239,0.7284292,0.018801867961883545
72,0.0004863964024686048,0.8558651,0.014586399309337139,0.0014296838797078907,0.40145606,0.0310430359095335
73,0.0004206980793592219,0.8773778,0.01402659248560667,0.0008132070447104233,0.659547,0.021991129964590073
74,0.00048071532499320313,0.8540127,0.014434244483709335,0.0006454332128023174,0.7297863,0.019432105123996735
75,0.0004691090787346203,0.85589623,0.014352133497595787,0.001362529908686949,0.42957032,0.03127164766192436
76,0.0003924398841833562,0.8823925,0.013654526323080063,0.0007056943124710143,0.7045577,0.019774211570620537
77,0.0004394621340016451,0.8630746,0.014728009700775146,0.0006929390298781144,0.70989776,0.019248537719249725
78,0.00042541287328745685,0.8739271,0.01392887718975544,0.0007174484926914086,0.69963676,0.01988258771598339
79,0.00036270140556953504,0.8883037,0.01309457328170538,0.0007998225634883893,0.6651504,0.0213686004281044
80,0.00039258140923485393,0.8845273,0.013262055814266205,0.001079866114269662,0.5479089,0.025890672579407692
81,0.00040680705339054185,0.87514573,0.013524900190532207,0.0009024211043890171,0.6221971,0.02141529694199562
82,0.00042778041608052984,0.86788774,0.013812072575092316,0.0010825562581723467,0.5467826,0.026801345869898796
83,0.00035711076538837014,0.89901125,0.0128093883395195,0.0006485512655816614,0.72848094,0.01837690733373165
84,0.0004011855119764136,0.8837171,0.013920208439230919,0.0007494818553792878,0.68622583,0.020464951172471046
85,0.00034519910934667513,0.89595693,0.012664174661040306,0.0007904237112734716,0.6690853,0.021507544443011284
86,0.0003619192311455584,0.89704347,0.012460503727197647,0.000703671073277084,0.70540476,0.019191309809684753
87,0.0004719970933947656,0.8576536,0.014193986542522907,0.0006560177327354871,0.725355,0.0183455478399992
88,0.00030503018589130194,0.90645486,0.011848250404000282,0.0005711151618856813,0.7608999,0.017354315146803856
89,0.0003223324911349042,0.9059882,0.012162361294031143,0.0006078675557792117,0.7455133,0.018130579963326454
90,0.0003800104400595608,0.8854501,0.013451864942908287,0.0009010463247230032,0.6227727,0.02447759546339512
91,0.0003335489545624932,0.904061,0.012445835396647453,0.0006483407389705943,0.72856903,0.018573682755231857
92,0.0003267952283707972,0.90459174,0.01208585500717163,0.0007459872867101362,0.6876888,0.020220518112182617
93,0.0003144661837566661,0.9141278,0.011652220971882343,0.0007154346004479972,0.70047987,0.020007822662591934
94,0.0003537560181555136,0.9046787,0.012662413530051708,0.0005827916277446693,0.7560115,0.018230991438031197
95,0.0003688962722824328,0.8856735,0.013426626101136208,0.0006380326512320263,0.7328845,0.01832795888185501
96,0.0003047714210574817,0.9156479,0.011410780251026154,0.0006503653453149337,0.72772145,0.019140006974339485
97,0.0003621588073097084,0.8881314,0.01261377427726984,0.0006060848961237942,0.7462597,0.018027953803539276
98,0.0003584188238955069,0.903396,0.01157431397587061,0.0008585909597152808,0.6405468,0.023594284430146217
99,0.0003811443676352575,0.89019215,0.012751545757055283,0.000686557817079573,0.7125693,0.01929166167974472
100,0.00031769629208441613,0.9087034,0.011872498318552971,0.0007780401662321538,0.6742698,0.021004701033234596
101,0.00025589129378640764,0.937835,0.010049636475741863,0.0005904746795245667,0.752795,0.017551090568304062
102,0.00025093900584422787,0.94048285,0.009666970930993557,0.0005691550994466363,0.7617205,0.017487257719039917
103,0.0002525243003308761,0.9313979,0.010004819370806217,0.0005565007591119404,0.7670183,0.01748456433415413
104,0.0002281674853661628,0.94373864,0.009477909654378891,0.000714730459941852,0.70077467,0.0210470799356699
105,0.0002459926489821033,0.93926555,0.009771519340574741,0.0005911573574555296,0.7525091,0.018036657944321632
106,0.00022593153067251617,0.9400779,0.009684136137366295,0.000615013621559089,0.74252164,0.01891646720468998
107,0.00021595150374483264,0.9497231,0.008910378441214561,0.0006235542648451138,0.7389461,0.018197355791926384
108,0.0002048314525945655,0.95194674,0.008929206989705563,0.0005344911920286788,0.7762327,0.016844507306814194
109,0.0001973111008554978,0.95143664,0.008725657127797604,0.0006491254523369253,0.7282405,0.018406106159090996
110,0.0002007721109020304,0.9505498,0.008844711817800999,0.0006795728931490145,0.71549356,0.018930984660983086
111,0.00021151236103021513,0.9480173,0.009089071303606033,0.000596307065786371,0.7503532,0.017566855996847153
112,0.00020348176292773137,0.9477171,0.008818857371807098,0.0005614080423849808,0.76496387,0.01728273555636406
113,0.0002129264736066175,0.95169574,0.009013628587126732,0.0006121660990985551,0.74371374,0.01803317666053772
114,0.00021316782547661325,0.9483262,0.00916136335581541,0.0005623265594971356,0.7645793,0.017241569235920906
115,0.00021609277736007776,0.9443406,0.009019128046929836,0.0005842042239065072,0.7554201,0.018038738518953323
116,0.00020305714498424862,0.95303446,0.008717677555978298,0.0006288575853211714,0.73672575,0.01830197125673294
117,0.0002063645696537298,0.9495531,0.008938373066484928,0.0006154335526420999,0.7423458,0.018463633954524994
118,0.00022924365889091604,0.94777125,0.009328821673989296,0.0005712521041127818,0.76084256,0.01755763217806816
119,0.00019298027169841286,0.9540355,0.008458311669528484,0.0007765449235419429,0.67489576,0.022071147337555885
120,0.00022556199651362576,0.94402844,0.009384802542626858,0.0005435757443377253,0.7724294,0.016739604994654655
121,0.00019637653409956062,0.9513114,0.00854477472603321,0.0007337795547469101,0.6927996,0.02009632997214794
122,0.0001924639373178221,0.95275205,0.008448115549981594,0.0007631360740636924,0.68050945,0.02084263414144516
123,0.0001879571576797193,0.95610595,0.008277668617665768,0.0005368545696753516,0.7752433,0.01681162789463997
124,0.00021164776256412282,0.9526906,0.008722119964659214,0.0009320325748009145,0.6098001,0.024759776890277863
125,0.00039638911053917507,0.8755542,0.012356964871287346,0.0006662493768312856,0.7210715,0.018328102305531502
126,0.00029171183965331514,0.92469937,0.010127059184014797,0.0006370869942912883,0.7332805,0.018443526700139046
127,0.00031394866243360405,0.9230436,0.009485583752393723,0.0006301470885953469,0.7361859,0.0184603501111269
128,0.00019819930100568688,0.95220864,0.008680247701704502,0.0006768621142251899,0.71662843,0.018792936578392982
129,0.00020256573536604622,0.95366776,0.008780878968536854,0.000597345677807909,0.74991834,0.018015410751104355
130,0.00017847642297012312,0.9560048,0.00808070320636034,0.0005585028589534519,0.76618016,0.017242806032299995
131,0.000183912158086858,0.9568983,0.008315116167068481,0.0005429711204277051,0.77268255,0.016946079209446907
132,0.00019080503573528943,0.9558869,0.008221105672419071,0.0008103400802020565,0.6607473,0.02147914469242096
133,0.00019111251997251842,0.9558838,0.008450585417449474,0.000611968582994136,0.74379647,0.017735885456204414
134,0.00017927466581344194,0.9601467,0.008125219494104385,0.0005846200232589578,0.75524604,0.017809363082051277
135,0.00018824763370554933,0.9579327,0.008347533643245697,0.0005791513655434589,0.7575355,0.017984522506594658
136,0.0001809817369756926,0.9609837,0.0079844044521451,0.0005659158186744484,0.76307666,0.01754896342754364
137,0.00016506797403606418,0.9631968,0.007401249371469021,0.0005293301325554059,0.7783934,0.01722402125597
138,0.00017929593052312787,0.9593162,0.007895438931882381,0.0006633568425811335,0.72228247,0.019922101870179176
139,0.00019232366780743752,0.9555599,0.008341954089701176,0.0005231918963281993,0.7809632,0.016988692805171013
140,0.00018866393234281511,0.95446426,0.00840786099433899,0.0005913484598539801,0.7524291,0.01829695701599121
141,0.00017882751277958783,0.96160555,0.007798689883202314,0.0006148553611713911,0.74258786,0.018530432134866714
142,0.00018170910025026797,0.9593708,0.007885203696787357,0.0005383080578539494,0.7746348,0.01682008057832718
143,0.00017803487976267223,0.96084857,0.007971619255840778,0.0006578305229623439,0.72459614,0.018904371187090874
144,0.00017941981529484636,0.9580756,0.008249308913946152,0.0006042142240327334,0.7470428,0.017890380695462227
145,0.00018737601075048595,0.95974797,0.008191749453544617,0.0005624602441928896,0.7645233,0.017173273488879204
146,0.00018510422901318774,0.95837784,0.007814343087375164,0.0006254029498029563,0.73817205,0.018534265458583832
147,0.000172894632649627,0.9630417,0.007548653520643711,0.0005876036886755549,0.7539969,0.017891081050038338
148,0.00016408263969528068,0.9645318,0.00726337032392621,0.0005665388257271275,0.76281583,0.017686521634459496
149,0.00017447691650473993,0.9639629,0.00782719161361456,0.001106688840973676,0.53667945,0.028017597272992134
150,0.0001759350268914593,0.9605541,0.007966576144099236,0.0005413816424529651,0.773348,0.017198629677295685
151,0.0001830572067718024,0.96052456,0.007855928502976894,0.0007579073213912484,0.6826985,0.021444199606776237
152,0.00017499802118961497,0.9597699,0.008003313094377518,0.0005771586949174023,0.75836974,0.017819983884692192
153,0.0001743813074946527,0.96380574,0.007735680788755417,0.000624074374453987,0.7387283,0.018929606303572655
154,0.0001808812943729802,0.960408,0.008084287866950035,0.0005412603656159491,0.77339876,0.017060518264770508
155,0.00016555702215876448,0.9658679,0.007613698020577431,0.0005502958480561539,0.769616,0.016981715336441994
156,0.00018055009166203397,0.96164733,0.0078017935156822205,0.0005384864905605243,0.7745601,0.01694961078464985
157,0.00017522284928416968,0.9630965,0.0077938055619597435,0.0005303226877652462,0.7779779,0.017110349610447884
158,0.00020242691409168694,0.95227015,0.008496229536831379,0.0005321675601212988,0.7772055,0.016566818580031395
159,0.00016772911516305263,0.9646485,0.007504725828766823,0.0005480900154225943,0.7705395,0.017049573361873627
160,0.00016818313725728388,0.9652123,0.007407865487039089,0.0005672187734918,0.76253116,0.01753183640539646
161,0.0001838695365440471,0.9580723,0.008354662917554379,0.0005718563152895462,0.7605896,0.017099428921937943
162,0.00017471506755267101,0.96028745,0.00791576225310564,0.0005669616470272293,0.7626388,0.017751261591911316
163,0.00016854108460191803,0.96387905,0.007743606809526682,0.0006144686203925354,0.74274975,0.01793687976896763
164,0.0001606998778631349,0.9660671,0.007462852168828249,0.0006054845989764795,0.746511,0.018625762313604355
165,0.00017596447388166348,0.9626798,0.007824395783245564,0.0005828204273225475,0.75599945,0.017684660851955414
166,0.0001780971532039721,0.9593858,0.007861373014748096,0.0005192697757299248,0.78260523,0.016660140827298164
167,0.0001619908472401813,0.96728826,0.007408768404275179,0.0005321546244009561,0.77721095,0.0169827900826931
168,0.0001777747058482532,0.96384114,0.007685949094593525,0.0005683509963220841,0.7620571,0.017230592668056488
169,0.0001652008924586109,0.9651228,0.007513315882533789,0.0006090755057224451,0.74500763,0.018379610031843185
170,0.0001643296389687772,0.9662569,0.007397019304335117,0.0005392338249207834,0.77424717,0.01709654927253723
171,0.00016041187122250306,0.9662597,0.007387550547719002,0.0005629670224841593,0.7643112,0.017329141497612
172,0.00017560347212610617,0.96089023,0.00782766379415989,0.0006015294635887932,0.7481668,0.018437514081597328
173,0.00016663876853463227,0.9664293,0.0074614472687244415,0.0006099192047502046,0.7446544,0.01820807345211506
174,0.00015897974527194448,0.9667,0.007462507579475641,0.0004972619643615828,0.7918189,0.016488080844283104
175,0.0001514903419516932,0.9688133,0.007097272202372551,0.0005815933538927673,0.7565132,0.01748381182551384
176,0.00015403251751289367,0.96705025,0.0073755341582000256,0.000575537730752903,0.7590484,0.0178933534771204
177,0.00016258601738608394,0.9644096,0.007577402982860804,0.0007134795955493838,0.70129836,0.020009120926260948
178,0.00016403244523182465,0.9664695,0.007127866148948669,0.0005206643007235202,0.7820214,0.016704291105270386
179,0.0001550635132403561,0.967729,0.0072320206090807915,0.000628198393755774,0.7370018,0.0193331241607666
180,0.00016993312600310743,0.9657298,0.0074120210483670235,0.0009535288603257772,0.6008006,0.025380339473485947
181,0.0001716301531228483,0.96066487,0.007748768199235201,0.0005693090690663383,0.76165605,0.017598403617739677
182,0.00015319033886449675,0.96987814,0.006958517245948315,0.0005575345847896731,0.76658547,0.016873152926564217
183,0.00016851985583044132,0.96239084,0.00765555165708065,0.0005747095928501473,0.7593951,0.017681147903203964
184,0.00016093331453968075,0.9673057,0.007349697407335043,0.0005464256781803231,0.7712363,0.017795676365494728
185,0.00016549604357801926,0.9659784,0.007354844827204943,0.0005248678952280736,0.7802616,0.016886219382286072
186,0.0001571325494295985,0.9653411,0.0073639461770653725,0.0005541246779270153,0.76801306,0.017171358689665794
187,0.00016278426363057396,0.9680802,0.007362562231719494,0.0005831500921660417,0.7558614,0.01754704862833023
188,0.00017053562985756647,0.9647345,0.0074904984794557095,0.0005682328358648635,0.7621066,0.017340416088700294
189,0.00016778509591160095,0.96602476,0.007430743426084518,0.0005669705031242177,0.7626351,0.01730860397219658
190,0.0001508686529198217,0.96943885,0.006924715358763933,0.0006549957629570784,0.7257829,0.018556669354438782
191,0.00015182992266099237,0.96987027,0.007200257852673531,0.0005650616204601189,0.76343423,0.017572607845067978
192,0.00014395397697675999,0.97203815,0.006854540668427944,0.0007079074063278672,0.70363116,0.01976223662495613
193,0.00014473095016975652,0.9717404,0.006697376258671284,0.0005523958847394945,0.76873684,0.017444729804992676
194,0.00015064044683041718,0.9702573,0.006795940920710564,0.0005324942058477288,0.77706873,0.01679557003080845
195,0.0001772639377909801,0.96056855,0.007328950800001621,0.000610045769728894,0.7446014,0.019045015797019005
196,0.00014819078074280843,0.97016793,0.006795794237405062,0.0007550622714186622,0.68388957,0.02059534378349781
197,0.00015138728428629275,0.9713525,0.006844987161457539,0.0005744507777148567,0.7595034,0.017536645755171776
198,0.000159380199616362,0.9664318,0.007497129496186972,0.0005596596469974903,0.7656958,0.01715710014104843
199,0.00015202948579072788,0.9681924,0.007069093640893698,0.0005380005595497372,0.77476346,0.017052819952368736
200,0.00016675373763529506,0.96728987,0.006927209906280041,0.0005302104188474985,0.77802485,0.016850769519805908
201,0.00014800182562998277,0.9738184,0.00629644189029932,0.0005244863969286836,0.78042126,0.01646336540579796
202,0.00012504186316758125,0.97877085,0.005795464385300875,0.0005317062787780692,0.7773986,0.016852326691150665
203,0.00012692999536235365,0.97915685,0.005746129900217056,0.0005185381513376575,0.78291154,0.016670163720846176
204,0.00012679648925577737,0.9767022,0.006029087118804455,0.0005618793931874008,0.7647665,0.01704406552016735
205,0.00013357558916432904,0.97747177,0.006178271025419235,0.000516317849722626,0.7838411,0.016576146706938744
206,0.000138560383661492,0.97718704,0.006011264398694038,0.000525981594443102,0.7797953,0.016450004652142525
207,0.00012538773377002214,0.9800715,0.005551872309297323,0.0005616110639977736,0.76487887,0.017704831436276436
208,0.00012904488339942905,0.97639376,0.006154721137136221,0.000526504313708951,0.7795764,0.016601206734776497
209,0.00012613555852552928,0.97985274,0.005682807415723801,0.0005396702309201658,0.7740645,0.016793133690953255
210,0.00012580109038764175,0.9799618,0.005654651205986738,0.0005163968176970746,0.783808,0.016161059960722923
211,0.00012595749922672932,0.98086494,0.005605917423963547,0.0005305941242143878,0.7778642,0.016793955117464066
212,0.0001301198155653198,0.97801244,0.005635394714772701,0.0005157785909282806,0.7840668,0.016603874042630196
213,0.00011952033143479491,0.97945035,0.005686952732503414,0.0005232528083754086,0.7809377,0.016597982496023178
214,0.0001253689591776609,0.98046094,0.005606645718216896,0.0005491862336529061,0.77008057,0.016818253323435783
215,0.00012175009215000864,0.9801325,0.005574863404035568,0.0005339697071624801,0.77645105,0.016672559082508087
216,0.0001186557388778766,0.9823992,0.005309428088366985,0.0005288182014471678,0.7786077,0.016397524625062943
217,0.00011567813456435585,0.9830979,0.005301480181515217,0.0005461506363219117,0.77135146,0.016631657257676125
218,0.00012435156331892645,0.97838986,0.005740049295127392,0.0005187586273444806,0.7828192,0.016290782019495964
219,0.0001203125285654535,0.9807854,0.005540002603083849,0.0005185178061590522,0.78292,0.01640545018017292
220,0.0001325525864831891,0.97868514,0.0057841078378260136,0.0005116861038432719,0.7857802,0.016534121707081795
221,0.00012280790589146883,0.98113966,0.005506631452590227,0.0006216205827179066,0.7397556,0.01918882504105568
222,0.00011712667177417478,0.9824626,0.005193670745939016,0.0005273848279067355,0.7792078,0.01637840084731579
223,0.00011807612458804786,0.98335594,0.00527911027893424,0.0005299661486352208,0.77812713,0.016943877562880516
224,0.0001288809606567082,0.9803621,0.005859121214598417,0.0005851283117066446,0.75503325,0.01829344779253006
225,0.00011965417226759363,0.9814425,0.005425743293017149,0.0005526245990759969,0.76864105,0.01766260527074337
226,0.00012469769122557193,0.9814877,0.005542063154280186,0.0005324891085023369,0.7770709,0.016770612448453903
227,0.00011954089106545524,0.982649,0.005268940236419439,0.0005823314104139711,0.7562042,0.018528765067458153
228,0.00013522670230420176,0.9769233,0.006127714645117521,0.0005236041974448171,0.78079057,0.016762254759669304
229,0.00011350933779028717,0.98335755,0.005101065617054701,0.0005168737390658735,0.7836083,0.016500797122716904
230,0.00011884359951231655,0.9822076,0.005328791216015816,0.0005702069831796737,0.7612801,0.01816786825656891
231,0.00012455353339019652,0.9802744,0.0056480406783521175,0.0005517334193377146,0.7690142,0.01792425476014614
232,0.00011662737167201266,0.9813242,0.005543910898268223,0.0005184897566128271,0.7829318,0.01670309528708458
233,0.00012076131445566056,0.981082,0.005695689003914595,0.000503579363546141,0.7891741,0.016301380470395088
234,0.00012383854219394274,0.9831127,0.005375528242439032,0.00054234125780157,0.77294624,0.0172487311065197
235,0.00010985137436577531,0.9828989,0.005002764984965324,0.000515289025667868,0.7842718,0.016596227884292603
236,0.00011642729878618864,0.9818866,0.005395891144871712,0.0005264128171840441,0.77961475,0.016565212979912758
237,0.00011030719926049902,0.98278344,0.005127410404384136,0.000518432867096012,0.7829556,0.016427116468548775
238,0.0001147170411494006,0.9814901,0.005388714838773012,0.0005583935292793728,0.7662259,0.017524439841508865
239,0.000113253116009632,0.9833192,0.005253778304904699,0.0005650227636239597,0.7634505,0.017417652532458305
240,0.00011311782192447238,0.98338944,0.005184011533856392,0.0005530956860793518,0.7684438,0.01689383015036583
241,0.00011641615880051301,0.980968,0.005531810224056244,0.0005622676948111694,0.7646039,0.0174814872443676
242,0.00011040171568657377,0.98431945,0.005001576151698828,0.0005664934988013951,0.7628348,0.017590215429663658
243,0.00012134390052818007,0.9824191,0.005444612819701433,0.0005702838825527579,0.76124793,0.017214147374033928
244,0.00011839216789145568,0.9822486,0.005439955275505781,0.0005164469722308177,0.783787,0.016500268131494522
245,0.00011589251997542636,0.9828299,0.0052847168408334255,0.000524969312875865,0.7802191,0.016739865764975548
246,0.0001160747055004475,0.9833388,0.005307525862008333,0.0005586510729056025,0.76611805,0.017660319805145264
247,0.00011674012314482081,0.9819953,0.0052348291501402855,0.0005391707704181998,0.7742736,0.016690673306584358
248,0.00011804039392528618,0.98185515,0.005421701353043318,0.0005208030633283338,0.78196335,0.01630743406713009
249,0.00010895772428866562,0.9836722,0.005030791275203228,0.0005106970579149383,0.7861942,0.016273634508252144
250,0.00011712334344306619,0.9832998,0.005217175465077162,0.0005199289696868626,0.78232926,0.01678013615310192
251,0.00011436416549796329,0.98435944,0.005042866338044405,0.0005238163052491576,0.78070176,0.016625648364424706
252,0.00011828927817962044,0.9820979,0.00514485128223896,0.0005422254354398876,0.77299476,0.017507875338196754
253,0.00011223729169213623,0.9830093,0.005335720721632242,0.000530410031157333,0.7779413,0.016396647319197655
254,0.00011288122427772126,0.98438835,0.004983113147318363,0.0005102511081899047,0.78638095,0.016317222267389297
255,0.00012000719018816295,0.98207784,0.0053891828283667564,0.000508763546316721,0.7870037,0.016345851123332977
256,0.00011581330967682135,0.9817838,0.005467678885906935,0.0005451590343638554,0.77176654,0.016768351197242737
257,0.0001083127912885575,0.98461175,0.005052769556641579,0.0005176449929442501,0.78328544,0.016536816954612732
258,0.00010845605898173916,0.9848738,0.005015093367546797,0.000546709696726107,0.7711174,0.0174866896122694
259,0.0001132141690345354,0.98253185,0.0052696578204631805,0.0005324872676647932,0.77707165,0.01701226644217968
260,0.00011863146515914213,0.9839258,0.005143118556588888,0.0005243869767440638,0.78046286,0.016372648999094963
261,0.00011386671261597075,0.9844632,0.005129208788275719,0.0005366604104221404,0.7753245,0.017327183857560158
262,0.00011253615217851012,0.9843047,0.00508405826985836,0.0005378226129744139,0.774838,0.016855459660291672
263,0.00011546583536349254,0.98142284,0.005133198108524084,0.0005397638720285126,0.7740253,0.0170624777674675
264,0.00011708208567486521,0.9821666,0.005461155902594328,0.0005247112667829467,0.78032714,0.01647111028432846
265,0.0001072407289876998,0.9844719,0.0049808998592197895,0.0005352991312650787,0.77589446,0.01700003445148468
266,0.00011595479105617191,0.98356557,0.005322625394910574,0.0005172016164761369,0.78347105,0.016327545046806335
267,0.0001120668918646955,0.98310405,0.005398348439484835,0.0005094464869117805,0.7867178,0.016629744321107864
268,0.00011155608172874401,0.9843071,0.004952393006533384,0.000536333975414739,0.7754612,0.01704033464193344
269,0.00011141566155702156,0.98308396,0.005339539144188166,0.0005281002486603267,0.7789083,0.0165206640958786
270,0.00010877568168189739,0.98559225,0.004795193672180176,0.0005388138834913203,0.774423,0.016805162653326988
271,0.00011321947734743774,0.98373806,0.005114343948662281,0.0005363270420351515,0.7754641,0.01696844771504402
272,0.00011972028019785389,0.98068863,0.005581514444202185,0.0005183501344316504,0.7829902,0.01681581325829029
273,0.0001110372609085495,0.98431826,0.005015705246478319,0.0005145022193388883,0.7846012,0.01684126816689968
274,0.00010607632915774207,0.9854201,0.004861487541347742,0.0005153213485319512,0.78425825,0.01661592721939087
275,0.0001107307123995903,0.98625404,0.004838309250771999,0.0005051793303508649,0.78850424,0.016113730147480965
276,0.00011596603437886578,0.9833249,0.0052413856610655785,0.0005582307743765985,0.766294,0.017927642911672592
277,0.00011565216906940393,0.9834404,0.005025547929108143,0.0005018822792453774,0.78988457,0.016152752563357353
278,0.00011401181211191221,0.9835054,0.005067031364887953,0.0005219222915415266,0.78149474,0.016467249020934105
279,0.00011872701689897726,0.98340034,0.005157651845365763,0.0005228780957881211,0.78109455,0.016382966190576553
280,0.00010677871645183036,0.98558104,0.004789483267813921,0.0005288846716977083,0.7785799,0.01699647307395935
281,0.00011184456160247861,0.98360866,0.005124315619468689,0.000553173670583485,0.76841116,0.016887715086340904
282,0.00011089114039780127,0.98515856,0.004914422053843737,0.0005046125858058066,0.7887415,0.01609496772289276
283,0.00011891144128801026,0.9828049,0.0054016076028347015,0.0005194301047797891,0.7825381,0.01641746796667576
284,0.00011009689913687555,0.98420006,0.004902109503746033,0.0005134888600381636,0.7850254,0.016241105273365974
285,0.00010782252078983816,0.9851316,0.004849378019571304,0.0005341162956170582,0.77638966,0.016628466546535492
286,0.0001099888433604527,0.98541915,0.005016660783439875,0.0005088735268951308,0.7869577,0.01647426187992096
287,0.00011183906392196067,0.9852126,0.004887078423053026,0.0005315637810735881,0.7774583,0.01669466309249401
288,0.0001151644143948368,0.9856709,0.004874907433986664,0.0005749450496078175,0.75929654,0.017374401912093163
289,0.00010749880763071389,0.98468757,0.004949843045324087,0.0005718300056497535,0.7606006,0.018016908317804337
290,0.00010601419432299318,0.98550487,0.004848072770982981,0.0005242406848202263,0.78052413,0.01646021194756031
291,0.00011508757722670546,0.98409563,0.0050941044464707375,0.0005426600107759066,0.7728128,0.017208462581038475
292,0.00011563133238524086,0.9838355,0.005063001532107592,0.0005184780791264694,0.7829367,0.01667853444814682
293,0.00011608335600845693,0.98206425,0.005459709092974663,0.0005077034386843157,0.7874475,0.016597723588347435
294,0.0001148227425662354,0.9842889,0.004999449942260981,0.0005267751180618083,0.77946305,0.01716788299381733
295,0.00011231953132124796,0.98329824,0.005143917165696621,0.0006024776962387939,0.74776983,0.017889073118567467
296,0.00011422837706277002,0.9838211,0.0049952492117881775,0.000527017119816961,0.7793617,0.016701964661478996
297,0.00010921340697094922,0.9848313,0.0050649880431592464,0.0005637022341464706,0.7640034,0.017051903530955315
298,0.00011100314242805035,0.9844077,0.004905266687273979,0.0005967592104927645,0.7501639,0.0186271071434021
299,0.00011066016114092871,0.98622435,0.004802977666258812,0.0005316412053897868,0.7774259,0.016520358622074127
300,0.00011011089819918235,0.9856707,0.004807197023183107,0.0005585019936414454,0.76618046,0.017133895307779312
301,0.00011028433684445117,0.984548,0.00442773662507534,0.0005186095740832583,0.7828816,0.016507208347320557
302,0.00010236976761449624,0.98786414,0.00435108644887805,0.0005266117786706171,0.7795315,0.016953840851783752
303,0.00010418730264060139,0.9875384,0.004263393580913544,0.0005069639957587761,0.7877571,0.016048092395067215
304,9.961962765274084e-05,0.9880201,0.00430592754855752,0.000518845869643318,0.7827827,0.016255635768175125
305,0.000106953076401827,0.98627204,0.004620186984539032,0.0005237522540619846,0.78072864,0.016297709196805954
306,0.00010937801635173252,0.9878069,0.004251058213412762,0.0005181747599174774,0.78306365,0.01616991125047207
307,0.00010279322554677023,0.9890082,0.004222172312438488,0.0005174824331749573,0.7833535,0.016204778105020523
308,9.974913933491701e-05,0.98857343,0.004250092897564173,0.0005220067109714825,0.7814594,0.016248131170868874
309,0.0001001029699308735,0.9877805,0.004403762053698301,0.0005149709977153468,0.78440493,0.016259247437119484
310,9.404669045681199e-05,0.99011487,0.004056075122207403,0.0005140679062008184,0.784783,0.016298746690154076
311,0.00010569081398310157,0.9893165,0.004199322313070297,0.0005154026787200149,0.7842242,0.01629060134291649
312,9.784004464543909e-05,0.9880388,0.004343419335782528,0.0005015521997533684,0.7900228,0.0161563903093338
313,9.450233198844609e-05,0.9903254,0.003987181466072798,0.0005305574704328043,0.7778796,0.016333192586898804
314,0.0001032585035613088,0.987514,0.004514179192483425,0.0005169243832573769,0.78358716,0.016418810933828354
315,9.685235029632797e-05,0.9895094,0.004118543583899736,0.0005287716047553615,0.7786272,0.016631757840514183
316,9.601413598251827e-05,0.988861,0.004103018436580896,0.0005205787361915999,0.7820572,0.016173208132386208
317,9.592672547403251e-05,0.9886231,0.004222358111292124,0.0005232394591617867,0.7809433,0.0166604146361351
318,9.996856727857949e-05,0.9887324,0.004248206969350576,0.0005064379336464174,0.78797734,0.015965884551405907
319,0.00010140915426891499,0.98912036,0.004225989803671837,0.0005374170687092756,0.7750078,0.01698194444179535
320,9.317611616191401e-05,0.99024487,0.003982943948358297,0.0005121041089458479,0.7856052,0.01600557006895542
321,9.986654239795435e-05,0.98870087,0.004226868040859699,0.0005625803788261641,0.7644731,0.017691239714622498
322,9.923219828682241e-05,0.98872584,0.004194456618279219,0.000517048538718593,0.7835351,0.016161009669303894
323,9.504113534243946e-05,0.98989296,0.003984745126217604,0.0005225632960503094,0.7812264,0.016524313017725945
324,9.73997890172232e-05,0.9902914,0.004036199301481247,0.0005111021806204155,0.7860246,0.01599838025867939
325,9.861190488127333e-05,0.98937416,0.004194395616650581,0.0005239334470925795,0.78065276,0.016206730157136917
326,9.8624466695298e-05,0.98934025,0.004118748940527439,0.0005238276642552982,0.78069705,0.016384344547986984
327,9.83592391192386e-05,0.9884586,0.004269505385309458,0.0005238827374174576,0.780674,0.01628892496228218
328,9.509926980030547e-05,0.9899205,0.004048964008688927,0.0005186203807449062,0.7828771,0.015967626124620438
329,9.491305990931559e-05,0.98912513,0.004114286042749882,0.0005132777900812812,0.7851138,0.01629547029733658
330,9.428237655236561e-05,0.98994607,0.003990152385085821,0.000500661559084503,0.7903956,0.015812868252396584
331,9.871240827677534e-05,0.990307,0.0039819469675421715,0.0005038676044983467,0.78905344,0.016210662201046944
332,0.00010090059132830639,0.98769754,0.004082594066858292,0.0005209204161947938,0.7819142,0.016183724626898766
333,9.280986915375132e-05,0.9908643,0.003873746609315276,0.0005101594688616625,0.7864193,0.016163840889930725
334,9.761336010392498e-05,0.98960656,0.004072565585374832,0.000528888952372593,0.7785781,0.016415871679782867
335,9.665442796190211e-05,0.9890385,0.004235121421515942,0.0005120593593339112,0.7856239,0.016319841146469116
336,9.626428365447053e-05,0.98949116,0.0042080748826265335,0.0005066975341797846,0.7878687,0.016018670052289963
337,9.256938852826746e-05,0.99025536,0.003953804261982441,0.00050246405073044,0.789641,0.016282161697745323
338,9.745548772305871e-05,0.9905093,0.004025734029710293,0.0005096403911011294,0.7866366,0.015926677733659744
339,9.506851040688104e-05,0.9902545,0.004024210385978222,0.0005058414406291648,0.7882271,0.016277331858873367
340,0.00010026749212065337,0.9885211,0.004279573913663626,0.0005157247468962757,0.7840893,0.01626007631421089
341,9.937743606633148e-05,0.98881197,0.004216895438730717,0.0005185377283998205,0.7829117,0.016342105343937874
342,8.833151772164987e-05,0.9904013,0.003927196841686964,0.0005570926108181251,0.7667705,0.01747858338057995
343,9.188113752026435e-05,0.9909235,0.003743615932762623,0.000525945123533289,0.77981055,0.01659606583416462
344,9.471965795627517e-05,0.98994935,0.004006301052868366,0.0005234183483688332,0.7808684,0.016538264229893684
345,0.00010095355095151363,0.98922557,0.004155734553933144,0.0005311984760968228,0.7776112,0.016906725242733955
346,8.982673960266975e-05,0.9911329,0.0037111137062311172,0.0005081508304068655,0.78726023,0.01616818457841873
347,9.664345431960601e-05,0.9907195,0.003983538597822189,0.0005231831406353724,0.7809669,0.01680656522512436
348,9.450751813256976e-05,0.9899882,0.003920581191778183,0.0005063533478017318,0.78801274,0.016173111274838448
349,9.329880236249784e-05,0.99012446,0.004016535822302103,0.0005220800686151263,0.7814287,0.01634105294942856
350,9.522023983816506e-05,0.98999894,0.004044207278639078,0.0005315858670301194,0.777449,0.016959181055426598
351,0.00010075699269512544,0.9896426,0.004099295008927584,0.0005464047952091404,0.771245,0.017415372654795647
352,0.00010460133403389874,0.98684025,0.004484628792852163,0.0005270909327247717,0.77933085,0.016393082216382027
353,9.600010628347161e-05,0.9910671,0.0038205492310225964,0.000505544432715518,0.7883514,0.01624158024787903
354,9.181439099256521e-05,0.9903944,0.0038919993676245213,0.0005041955187342785,0.7889161,0.01624620519578457
355,9.379647320654373e-05,0.99135214,0.0038528561126440763,0.0005010485842742589,0.7902336,0.01630236580967903
356,9.472076117476779e-05,0.9903605,0.0039559402503073215,0.0005054842094319398,0.7883766,0.01616760529577732
357,9.711138185259859e-05,0.98958445,0.004069239366799593,0.00051002416409997,0.78647596,0.01652696542441845
358,9.250326106066688e-05,0.990777,0.0037678207736462355,0.0005044989301391791,0.7887891,0.01617848128080368
359,9.488456563428832e-05,0.9901907,0.003956751432269812,0.0005103038581124504,0.78635883,0.01633026823401451
360,9.350830967736613e-05,0.99111307,0.0037720962427556515,0.0005033272831709822,0.78927964,0.01648477278649807
361,9.252099515197802e-05,0.99068826,0.0038160388357937336,0.0004954003961351479,0.79259825,0.016078757122159004
362,9.709888667471321e-05,0.9905192,0.003977830987423658,0.0004998176806709472,0.7907489,0.016239775344729424
363,9.397874419599504e-05,0.99028325,0.003933065105229616,0.0005169768837706346,0.78356516,0.016887476667761803
364,9.885770865513146e-05,0.98969394,0.003995778504759073,0.0004996804831063759,0.7908064,0.01637660153210163
365,9.237674175263357e-05,0.9914568,0.00370693183504045,0.0004963109619632717,0.792217,0.01612626202404499
366,9.257280693073517e-05,0.99116325,0.003847793210297823,0.0005131626919915246,0.785162,0.016544600948691368
367,9.324829183709527e-05,0.99058485,0.003822935977950692,0.0004951130677177376,0.7927185,0.01618190109729767
368,9.464381653233987e-05,0.99064106,0.00395568972453475,0.00048567708079867884,0.796669,0.015992887318134308
369,9.17473388708613e-05,0.99033785,0.004059352446347475,0.0004997619987198886,0.79077226,0.016323840245604515
370,9.585497904218544e-05,0.99038136,0.003895624540746212,0.0005153401611385151,0.7842504,0.01623007096350193
371,9.69164475843986e-05,0.9898596,0.004079438280314207,0.0004973124141086925,0.79179776,0.016084983944892883
372,9.807846736308061e-05,0.9895133,0.004124823492020369,0.0004962928648123617,0.79222465,0.01638907939195633
373,9.291853023130692e-05,0.99137664,0.0037489624228328466,0.0004921310221441389,0.793967,0.016029290854930878
374,9.483176680444542e-05,0.9906056,0.0038755720015615225,0.0005079132763696134,0.7873597,0.0162954218685627
375,9.109897213099075e-05,0.9909362,0.0037861245218664408,0.000503834726999567,0.78906715,0.016046952456235886
376,0.00010298329812941472,0.9894428,0.004146117717027664,0.0004919064970973044,0.794061,0.015994921326637268
377,9.122826819400475e-05,0.9901636,0.0040282574482262135,0.00048759514541727746,0.79586595,0.015873368829488754
378,9.527848280519919e-05,0.9906071,0.003915771376341581,0.0004987048402621247,0.7912148,0.016064271330833435
379,8.895170004110288e-05,0.991468,0.0037364796735346317,0.0005001921589480789,0.7905922,0.01595432497560978
380,9.344145760853948e-05,0.9904793,0.0038897886406630278,0.000503934569716678,0.78902537,0.01633266545832157
381,9.251759531916215e-05,0.9909409,0.003859381191432476,0.0005136786068385612,0.78494596,0.0161618459969759
382,9.341597501600523e-05,0.99037755,0.003928912803530693,0.000537243340061303,0.7750805,0.01733667589724064
383,9.049977034126929e-05,0.9917377,0.00360372313298285,0.0005051637509447642,0.7885108,0.01622345671057701
384,9.517860498182195e-05,0.98931396,0.004025531467050314,0.0005101152225473732,0.78643787,0.01643906906247139
385,9.77669744662114e-05,0.9899958,0.004115125630050898,0.0005013007163107435,0.79012805,0.016317809000611305
386,9.667772184305658e-05,0.9910222,0.003880708012729883,0.0005097114684920846,0.78660685,0.01607535034418106
387,9.284504386055384e-05,0.9901099,0.0039488025940954685,0.0004913055011540493,0.7943126,0.015969615429639816
388,9.495906919199044e-05,0.98996687,0.003972733858972788,0.000500136076515342,0.7906157,0.016053803265094757
389,9.439283156161813e-05,0.9895247,0.003936314955353737,0.0004971676527707018,0.7918584,0.01618245244026184
390,9.278628146054635e-05,0.99120265,0.00377635657787323,0.0004944645588997684,0.7929901,0.015958858653903008
391,9.142586967030704e-05,0.9906674,0.00375866936519742,0.0005095647750934716,0.7866683,0.016074882820248604
392,9.254824167660452e-05,0.99088615,0.0038760399911552668,0.000516252358017449,0.78386843,0.016755903139710426
393,9.637973763203924e-05,0.99012196,0.003946852404624224,0.0005031877127524678,0.78933805,0.016262132674455643
394,9.422981720996736e-05,0.99133945,0.0037698482628911734,0.0005024944639292579,0.78962827,0.01606399565935135
395,9.241976679757109e-05,0.9909942,0.0038695218972861767,0.000509086101779469,0.7868687,0.016335802152752876
396,8.825339417884752e-05,0.99153167,0.003627421334385872,0.0004961231105599661,0.7922957,0.015998750925064087
397,9.305251570262355e-05,0.99076945,0.003819956909865141,0.000490003025840545,0.79485786,0.016030216589570045
398,9.289144603989324e-05,0.9903487,0.00403397623449564,0.0005134719159745308,0.7850325,0.01618148759007454
399,9.12947247349878e-05,0.9901676,0.003945027943700552,0.0005114429931430027,0.78588194,0.01610553078353405
400,9.246211741157776e-05,0.9903191,0.003924346063286066,0.0005047076166423251,0.7887018,0.016235949471592903
401,9.219046733246629e-05,0.9925496,0.0035601186100393534,0.0004999671024928637,0.79068637,0.016022196039557457
402,8.735220434997179e-05,0.9924879,0.0035216310061514378,0.0005048791290417153,0.78862995,0.016144443303346634
403,9.046082504953429e-05,0.9923647,0.0034928801469504833,0.0004909989041160185,0.794441,0.015889693051576614
404,8.463190379124086e-05,0.99274814,0.0034793089143931866,0.0005050332628872795,0.7885654,0.016340920701622963
405,9.109272392730723e-05,0.992218,0.0035431308206170797,0.0004992574307186176,0.7909835,0.01607631705701351
406,8.766230255477326e-05,0.99238914,0.0035201304126530886,0.0005062230466086739,0.78806734,0.016358600929379463
407,8.569296018300584e-05,0.9927524,0.0033780683297663927,0.000507696348739902,0.7874505,0.01613422855734825
408,8.564638181875626e-05,0.9929181,0.0033750319853425026,0.0004979062495976272,0.7915492,0.016198355704545975
409,8.465087031458285e-05,0.9926344,0.003458258928731084,0.0005003808654892105,0.79051316,0.016170712187886238
410,8.87240426197142e-05,0.99268025,0.00349216815084219,0.00049714539561636,0.79186773,0.01595669612288475
411,8.850394918898485e-05,0.99270225,0.0034653341863304377,0.0004989757214888184,0.79110146,0.016183234751224518
412,8.758651758069967e-05,0.9929434,0.0033089665230363607,0.0004852460125755664,0.7968494,0.015872236341238022
413,8.538484623164257e-05,0.992882,0.003406277159228921,0.0004998732253921758,0.7907257,0.016038021072745323
414,9.433583555014287e-05,0.9926048,0.0034550924319773912,0.0004953507026012151,0.79261905,0.016066111624240875
415,8.753056800950988e-05,0.9921792,0.003466210328042507,0.000520209196668305,0.7822119,0.01627931371331215
416,8.665810137833235e-05,0.9929133,0.003418367588892579,0.0004970479662877749,0.7919085,0.01604362763464451
417,8.863087704260594e-05,0.9923988,0.0034645358100533485,0.0005127331858698971,0.7853418,0.01650990918278694
418,8.740456080234874e-05,0.99261427,0.0033391215838491917,0.0005104742087298955,0.78628755,0.016468947753310204
419,8.40256378900916e-05,0.9927258,0.0033802357502281666,0.0005014331990547808,0.7900726,0.016094187274575233
420,9.020915400817892e-05,0.9923847,0.0034723703283816576,0.0005003861925846179,0.79051095,0.016091790050268173
421,8.624781970189778e-05,0.9926928,0.0034756911918520927,0.0005014462463870971,0.79006714,0.01617974415421486
422,8.677787152347492e-05,0.9928265,0.0033514543902128935,0.0005004979646294495,0.79046416,0.01613394357264042
423,8.797374200230897e-05,0.9924758,0.003429622622206807,0.0005125524712081812,0.78541744,0.016171706840395927
424,9.197561013225585e-05,0.99131453,0.0033971136435866356,0.0004974130243886635,0.7917557,0.016086719930171967
425,8.575990503637816e-05,0.9933528,0.0033271582797169685,0.0005071775886691616,0.7876677,0.016230782493948936
426,9.042926155176797e-05,0.99244934,0.0034785408060997725,0.0005042254437345812,0.7889036,0.016039393842220306
427,8.857333696310468e-05,0.9929516,0.0033085655886679888,0.0004965099281518562,0.79213375,0.01598157174885273
428,9.260475131169832e-05,0.9911396,0.0037324405275285244,0.0005043407185956535,0.7888553,0.016344185918569565
429,8.632019879731036e-05,0.99381214,0.003204275155439973,0.0005090041720646584,0.78690296,0.01618538610637188
430,8.86253760294294e-05,0.99297345,0.003442322136834264,0.000510847339394287,0.7861313,0.016271280124783516
431,8.572631807013399e-05,0.993433,0.003309565829113126,0.0005155863630263366,0.7841473,0.01644991710782051
432,8.756880119417666e-05,0.9926403,0.0033865096047520638,0.0005207458090002734,0.7819873,0.01665150746703148
433,8.489305342015521e-05,0.99351543,0.0032269726507365704,0.0005098768999946984,0.7865376,0.016122281551361084
434,8.680222400221113e-05,0.99364805,0.003239578800275922,0.0005046083729047442,0.7887433,0.016221478581428528
435,9.001099241309068e-05,0.99289215,0.003473501419648528,0.0005034011515098348,0.7892487,0.016113433986902237
436,8.648450447972378e-05,0.99278814,0.0033276728354394436,0.0005040816677517639,0.7889638,0.01616041734814644
437,8.321795102663613e-05,0.99393,0.0031950054690241814,0.0005055278006263018,0.78835833,0.016122041270136833
438,8.50427683328182e-05,0.99293494,0.003368715289980173,0.0005136608014150437,0.7849535,0.016089167445898056
439,8.815152407854458e-05,0.9929587,0.0033766876440495253,0.0004918576713682549,0.79408145,0.015798980370163918
440,8.675846782888148e-05,0.9928443,0.0033261480275541544,0.0004948112923899357,0.7928449,0.015904955565929413
441,8.750247061608078e-05,0.99313915,0.0032702875323593616,0.000512454956675903,0.78545827,0.01599750854074955
442,8.566980859053904e-05,0.9929466,0.0033044840674847364,0.0005066727204485032,0.78787905,0.016100823879241943
443,8.850896094227008e-05,0.99267733,0.0033833070192486048,0.0005135897879673928,0.78498316,0.016419222578406334
444,8.628502866778792e-05,0.99329054,0.0032817276660352945,0.0004989878588197507,0.7910963,0.016124606132507324
445,8.569066112801326e-05,0.99349976,0.0032643284648656845,0.000504317257341262,0.78886515,0.016035709530115128
446,8.492781559202056e-05,0.99375045,0.0031690539326518774,0.0005248963209757618,0.78024966,0.01690862327814102
447,8.545677496079718e-05,0.9929231,0.0034129421692341566,0.00049128212301582,0.7943224,0.015831205993890762
448,8.570929389786793e-05,0.99351346,0.0032304979395121336,0.0005089581840198804,0.7869222,0.016037141904234886
449,8.583871065194857e-05,0.9935643,0.0032792803831398487,0.000507137173724174,0.78768456,0.01597965881228447
450,8.324342584359787e-05,0.99300194,0.0033444224391132593,0.0005046479964322698,0.7887267,0.015957344323396683
451,8.56604212659712e-05,0.99364656,0.003206301247701049,0.0004956869105573336,0.7924783,0.015996454283595085
452,8.595332070611898e-05,0.9931183,0.0033255729358643293,0.0004997499310071022,0.7907773,0.016010921448469162
453,8.557246161193364e-05,0.99323803,0.0032671845983713865,0.000500277290935466,0.79055655,0.01599811017513275
454,8.729107248837995e-05,0.9927787,0.0033972151577472687,0.0005121024082566243,0.7856059,0.016241751611232758
455,8.912045127747496e-05,0.99324155,0.0033161132596433163,0.0005022530789077827,0.78972936,0.01608021929860115
456,8.573931045790685e-05,0.99324083,0.003306181402876973,0.0005090549393596899,0.7868817,0.01624160259962082
457,8.541185273924522e-05,0.99328214,0.003249680856242776,0.0004975159110502706,0.7917126,0.015858037397265434
458,8.691952426064812e-05,0.99333465,0.0033669392578303814,0.0005111396869253445,0.7860089,0.016157226637005806
459,8.72472690749461e-05,0.9935281,0.00321663124486804,0.0005027049680638989,0.7895402,0.01601705700159073
460,8.39938518227122e-05,0.99338174,0.003285250859335065,0.0005031266901877185,0.7893636,0.015986496582627296
461,8.378073489921558e-05,0.99325454,0.0032314083073288202,0.0004969327942426719,0.7919567,0.015914974734187126
462,8.514633809656748e-05,0.9939137,0.0031154812313616276,0.0005039914509847055,0.7890016,0.01621469482779503
463,8.565240720995832e-05,0.9936952,0.0031800561118870974,0.0005028131148780496,0.7894949,0.016104843467473984
464,8.682410357888913e-05,0.99275905,0.003382288385182619,0.0004961194171298498,0.79229724,0.015986701473593712
465,8.802567014339848e-05,0.9930117,0.003303368343040347,0.0004995037731195704,0.7908803,0.01596314273774624
466,8.702028925880928e-05,0.99373055,0.0032234876416623592,0.0005033146171677536,0.78928494,0.01603945717215538
467,8.664760891124983e-05,0.99383116,0.00320080341771245,0.0005027758820396835,0.7895105,0.016148338094353676
468,8.403700316550595e-05,0.99304444,0.0033522681333124638,0.0005030276619522472,0.78940505,0.01586725376546383
469,8.475656679961285e-05,0.99358726,0.0031679014209657907,0.0005037632861350077,0.7890971,0.016207410022616386
470,8.436022340909697e-05,0.9935149,0.0032417909242212772,0.0004971696021801255,0.7918576,0.015793824568390846
471,8.357935322102454e-05,0.99371624,0.003186804475262761,0.000502819037183271,0.78949237,0.016022054478526115
472,8.624574374830537e-05,0.99386656,0.003205247689038515,0.0005083924921579376,0.787159,0.01627395860850811
473,8.66846384579802e-05,0.9929886,0.0033857119269669056,0.0005147436054142628,0.7845001,0.016190994530916214
474,8.74141310774454e-05,0.9940137,0.0032552157063037157,0.0005021055300470668,0.7897911,0.016127385199069977
475,8.66909531334726e-05,0.99365115,0.0032019016798585653,0.0005078414525748503,0.78738976,0.016038086265325546
476,8.655275517697811e-05,0.99286216,0.0031576473265886307,0.000498641195130135,0.79124147,0.016006803140044212
477,8.645962531728965e-05,0.9932413,0.003285769373178482,0.0005063325021426326,0.78802145,0.016062263399362564
478,8.708246710838372e-05,0.99329317,0.0032792154233902693,0.0005165366157780733,0.78374946,0.01657002419233322
479,8.265057424902438e-05,0.99343544,0.003255795920267701,0.0005224308410521939,0.7812818,0.01697714999318123
480,8.937473445763561e-05,0.9920059,0.003594778012484312,0.0004987401232654541,0.79120004,0.01604410447180271
481,8.361011466526725e-05,0.9936962,0.003198336809873581,0.0005040709583123129,0.78896827,0.016136618331074715
482,8.70908477776578e-05,0.99400055,0.003130845259875059,0.0004935839548976158,0.7933587,0.015865255147218704
483,8.96033675771181e-05,0.9921735,0.003639449132606387,0.0005125572742319674,0.7854154,0.01636660285294056
484,8.521788519688787e-05,0.9929452,0.0032798140309751034,0.00050737541261347,0.78758484,0.016254741698503494
485,8.670289791960762e-05,0.9931804,0.0033076773397624493,0.0004969258854675761,0.79195964,0.016003258526325226
486,8.681080975457629e-05,0.993775,0.0031823988538235426,0.0004888424497181394,0.79534376,0.015773708000779152
487,8.550443425453206e-05,0.9939094,0.0031319153495132923,0.0004980320331506291,0.7914965,0.01601414754986763
488,8.407741701850938e-05,0.9934129,0.003157607512548566,0.0004912334015417175,0.79434276,0.015831883996725082
489,8.798225627063e-05,0.9937421,0.0032240997534245253,0.0004966812587941771,0.79206204,0.0160849466919899
490,8.113271631504737e-05,0.9939951,0.003134967992082238,0.0005051238008909068,0.7885275,0.01618090085685253
491,8.64117380348231e-05,0.9934242,0.0033070743083953857,0.000498215370136378,0.79141974,0.01609061285853386
492,8.30665158660138e-05,0.9938272,0.0031350282952189445,0.0005120613392658758,0.7856231,0.01646813564002514
493,8.618971215258457e-05,0.993853,0.0031442518811672926,0.0004997447461880806,0.7907795,0.015993226319551468
494,8.562055227268152e-05,0.99369574,0.003243305254727602,0.0005053411998364797,0.7884365,0.016119418665766716
495,8.646237174211238e-05,0.9934444,0.0032679636497050524,0.0004979759612974184,0.79152,0.01594863273203373
496,8.29329658570385e-05,0.9937279,0.0031643840484321117,0.0004947458657630315,0.7928723,0.0158710740506649
497,8.27399633839723e-05,0.99403155,0.0030814579222351313,0.0005001123511173417,0.7906256,0.015942340716719627
498,8.387848975220892e-05,0.99399483,0.003105335170403123,0.0005205387223565764,0.782074,0.016186781227588654
499,8.64302490112411e-05,0.99329334,0.003177780658006668,0.0005090067455850537,0.7869019,0.016302334144711494
500,8.238762607391425e-05,0.9945146,0.003032723441720009,0.0005097075328475687,0.7866085,0.016355421394109726
test,,,,0.0020617808144668052,0.6049739,0.03340070694684982
